{"stat.walkOneCm":222331,"stat.pickup.minecraft.gold_ore":1,"stat.pickup.minecraft.sign":10,"stat.pickup.securitycraft.reinforced_metals":4,"stat.leaveGame":1,"stat.pickup.minecraft.grass":1,"stat.pickup.minecraft.carpet":2,"stat.useItem.minecraft.carpet":16,"stat.flyOneCm":602698,"stat.pickup.minecraft.wheat_seeds":1,"stat.jump":366,"stat.playOneMinute":80591,"stat.pickup.minecraft.oak_stairs":1,"stat.pickup.minecraft.torch":8,"stat.sneakTime":3641,"stat.damageDealt":40,"stat.crouchOneCm":3697,"stat.timeSinceDeath":80591,"stat.sprintOneCm":27834,"stat.useItem.minecraft.diamond_shovel":261,"stat.useItem.minecraft.stone_slab2":2468,"stat.pickup.minecraft.iron_ore":1}