{"stat.flyOneCm":442886,"stat.walkOneCm":117625,"stat.jump":253,"stat.pickup.minecraft.gold_ore":1,"stat.playOneMinute":52272,"stat.pickup.minecraft.oak_stairs":1,"stat.pickup.minecraft.sign":10,"stat.pickup.minecraft.torch":8,"stat.pickup.securitycraft.reinforced_metals":4,"stat.leaveGame":1,"stat.sneakTime":2003,"stat.pickup.minecraft.grass":1,"stat.damageDealt":40,"stat.crouchOneCm":411,"stat.timeSinceDeath":52272,"stat.pickup.minecraft.carpet":2,"stat.sprintOneCm":19276,"stat.useItem.minecraft.stone_slab2":1253,"stat.useItem.minecraft.carpet":16,"stat.pickup.minecraft.iron_ore":1}