{"stat.walkOneCm":273593,"stat.pickup.minecraft.gold_ore":1,"stat.pickup.minecraft.sign":10,"stat.pickup.securitycraft.reinforced_metals":4,"stat.leaveGame":1,"stat.useItem.minecraft.flint_and_steel":50,"stat.pickup.minecraft.grass":1,"stat.pickup.minecraft.carpet":2,"stat.useItem.minecraft.carpet":16,"stat.flyOneCm":665447,"stat.pickup.minecraft.wheat_seeds":2,"stat.jump":427,"stat.playOneMinute":92291,"stat.pickup.minecraft.oak_stairs":1,"stat.pickup.minecraft.torch":8,"stat.sneakTime":3871,"stat.damageDealt":40,"stat.crouchOneCm":3697,"stat.timeSinceDeath":92291,"stat.sprintOneCm":31949,"stat.useItem.minecraft.diamond_shovel":542,"stat.useItem.minecraft.stone_slab2":2561,"stat.pickup.minecraft.iron_ore":1}