{"stat.flyOneCm":277529,"stat.walkOneCm":106098,"stat.jump":226,"stat.pickup.minecraft.gold_ore":1,"stat.playOneMinute":39883,"stat.pickup.minecraft.oak_stairs":1,"stat.pickup.minecraft.sign":10,"stat.pickup.minecraft.torch":8,"stat.pickup.securitycraft.reinforced_metals":4,"stat.sneakTime":1017,"stat.pickup.minecraft.grass":1,"stat.damageDealt":40,"stat.crouchOneCm":411,"stat.timeSinceDeath":39883,"stat.pickup.minecraft.carpet":2,"stat.sprintOneCm":11680,"stat.useItem.minecraft.stone_slab2":870,"stat.useItem.minecraft.carpet":16,"stat.pickup.minecraft.iron_ore":1}