{"stat.walkOneCm":859725,"stat.pickup.minecraft.sign":20,"stat.pickup.minecraft.bookshelf":1,"stat.leaveGame":5,"stat.furnaceInteraction":1,"stat.pickup.minecraft.carpet":2,"stat.useItem.minecraft.lava_bucket":109,"stat.useItem.minecraft.carpet":16,"stat.pickup.extrautils2.enderlilly":1,"stat.useItem.minecraft.potion":1,"stat.pickup.minecraft.log":1,"stat.jump":1265,"stat.swimOneCm":2814,"stat.climbOneCm":82,"stat.useItem.futuremc.netherite_shovel":99,"stat.crouchOneCm":8650,"stat.pickup.securitycraft.reinforced_brick":1,"stat.useItem.securitycraft.scanner_door_item":2,"stat.sprintOneCm":127710,"stat.useItem.minecraft.diamond_shovel":909,"stat.useItem.minecraft.stone_slab2":7159,"stat.useItem.minecraft.concrete":6,"stat.useItem.minecraft.water_bucket":23,"stat.pickup.minecraft.iron_ore":1,"stat.pickup.minecraft.gold_ore":1,"stat.pickup.minecraft.potion":1,"stat.pickup.securitycraft.reinforced_planks":1,"stat.pickup.securitycraft.reinforced_metals":4,"stat.useItem.minecraft.flint_and_steel":50,"stat.pickup.minecraft.grass":1,"stat.useItem.minecraft.vine":4,"stat.useItem.customnpcs.npcwand":8,"stat.flyOneCm":1227636,"stat.pickup.minecraft.wheat_seeds":38,"stat.playOneMinute":302675,"stat.pickup.minecraft.oak_stairs":1,"stat.pickup.minecraft.torch":13,"stat.pickup.minecraft.red_flower":2,"stat.sneakTime":8386,"stat.damageDealt":50,"stat.timeSinceDeath":302675,"stat.pickup.securitycraft.scanner_door_item":2,"stat.pickup.ordinarycoins.coinbronze":64,"stat.diveOneCm":174}