{"stat.walkOneCm":586433,"stat.pickup.minecraft.gold_ore":1,"stat.pickup.minecraft.sign":20,"stat.pickup.minecraft.potion":1,"stat.pickup.securitycraft.reinforced_planks":1,"stat.pickup.securitycraft.reinforced_metals":4,"stat.leaveGame":1,"stat.useItem.minecraft.flint_and_steel":50,"stat.pickup.minecraft.grass":1,"stat.useItem.minecraft.vine":4,"stat.furnaceInteraction":1,"stat.pickup.minecraft.carpet":2,"stat.useItem.minecraft.lava_bucket":109,"stat.useItem.minecraft.carpet":16,"stat.useItem.minecraft.potion":1,"stat.flyOneCm":936538,"stat.pickup.minecraft.wheat_seeds":2,"stat.jump":728,"stat.playOneMinute":187733,"stat.pickup.minecraft.oak_stairs":1,"stat.climbOneCm":82,"stat.pickup.minecraft.torch":9,"stat.sneakTime":6144,"stat.damageDealt":50,"stat.crouchOneCm":4568,"stat.pickup.securitycraft.reinforced_brick":1,"stat.useItem.securitycraft.scanner_door_item":2,"stat.timeSinceDeath":187733,"stat.sprintOneCm":66732,"stat.useItem.minecraft.diamond_shovel":542,"stat.useItem.minecraft.stone_slab2":5456,"stat.pickup.securitycraft.scanner_door_item":2,"stat.pickup.minecraft.iron_ore":1}