{"stat.walkOneCm":397959,"stat.pickup.minecraft.gold_ore":1,"stat.pickup.minecraft.sign":10,"stat.pickup.securitycraft.reinforced_metals":4,"stat.leaveGame":1,"stat.useItem.minecraft.flint_and_steel":50,"stat.pickup.minecraft.grass":1,"stat.useItem.minecraft.vine":4,"stat.pickup.minecraft.carpet":2,"stat.useItem.minecraft.carpet":16,"stat.flyOneCm":816504,"stat.pickup.minecraft.wheat_seeds":2,"stat.jump":556,"stat.playOneMinute":129191,"stat.pickup.minecraft.oak_stairs":1,"stat.climbOneCm":82,"stat.pickup.minecraft.torch":8,"stat.sneakTime":5129,"stat.damageDealt":50,"stat.crouchOneCm":3976,"stat.timeSinceDeath":129191,"stat.sprintOneCm":37315,"stat.useItem.minecraft.diamond_shovel":542,"stat.useItem.minecraft.stone_slab2":3911,"stat.pickup.minecraft.iron_ore":1}