{"stat.walkOneCm":588137,"stat.pickup.minecraft.sign":20,"stat.leaveGame":3,"stat.furnaceInteraction":1,"stat.pickup.minecraft.carpet":2,"stat.useItem.minecraft.lava_bucket":109,"stat.useItem.minecraft.carpet":16,"stat.useItem.minecraft.potion":1,"stat.jump":745,"stat.climbOneCm":82,"stat.crouchOneCm":4568,"stat.pickup.securitycraft.reinforced_brick":1,"stat.useItem.securitycraft.scanner_door_item":2,"stat.sprintOneCm":66968,"stat.useItem.minecraft.diamond_shovel":542,"stat.useItem.minecraft.stone_slab2":5456,"stat.pickup.minecraft.iron_ore":1,"stat.pickup.minecraft.gold_ore":1,"stat.pickup.minecraft.potion":1,"stat.pickup.securitycraft.reinforced_planks":1,"stat.pickup.securitycraft.reinforced_metals":4,"stat.useItem.minecraft.flint_and_steel":50,"stat.pickup.minecraft.grass":1,"stat.useItem.minecraft.vine":4,"stat.flyOneCm":943144,"stat.pickup.minecraft.wheat_seeds":2,"stat.playOneMinute":192008,"stat.pickup.minecraft.oak_stairs":1,"stat.pickup.minecraft.torch":9,"stat.sneakTime":6144,"stat.damageDealt":50,"stat.timeSinceDeath":192008,"stat.pickup.securitycraft.scanner_door_item":2}