{"stat.walkOneCm":418311,"stat.pickup.minecraft.gold_ore":1,"stat.pickup.minecraft.sign":11,"stat.pickup.minecraft.potion":1,"stat.pickup.securitycraft.reinforced_metals":4,"stat.leaveGame":1,"stat.useItem.minecraft.flint_and_steel":50,"stat.pickup.minecraft.grass":1,"stat.useItem.minecraft.vine":4,"stat.pickup.minecraft.carpet":2,"stat.useItem.minecraft.lava_bucket":109,"stat.useItem.minecraft.carpet":16,"stat.useItem.minecraft.potion":1,"stat.flyOneCm":875789,"stat.pickup.minecraft.wheat_seeds":2,"stat.jump":599,"stat.playOneMinute":140891,"stat.pickup.minecraft.oak_stairs":1,"stat.climbOneCm":82,"stat.pickup.minecraft.torch":8,"stat.sneakTime":5541,"stat.damageDealt":50,"stat.crouchOneCm":3993,"stat.timeSinceDeath":140891,"stat.sprintOneCm":38257,"stat.useItem.minecraft.diamond_shovel":542,"stat.useItem.minecraft.stone_slab2":4310,"stat.pickup.minecraft.iron_ore":1}