{"stat.walkOneCm":539148,"stat.pickup.minecraft.gold_ore":1,"stat.pickup.minecraft.sign":18,"stat.pickup.minecraft.potion":1,"stat.pickup.securitycraft.reinforced_planks":1,"stat.pickup.securitycraft.reinforced_metals":4,"stat.leaveGame":1,"stat.useItem.minecraft.flint_and_steel":50,"stat.pickup.minecraft.grass":1,"stat.useItem.minecraft.vine":4,"stat.furnaceInteraction":1,"stat.pickup.minecraft.carpet":2,"stat.useItem.minecraft.lava_bucket":109,"stat.useItem.minecraft.carpet":16,"stat.useItem.minecraft.potion":1,"stat.flyOneCm":897775,"stat.pickup.minecraft.wheat_seeds":2,"stat.jump":662,"stat.playOneMinute":165191,"stat.pickup.minecraft.oak_stairs":1,"stat.climbOneCm":82,"stat.pickup.minecraft.torch":9,"stat.sneakTime":5876,"stat.damageDealt":50,"stat.crouchOneCm":4557,"stat.pickup.securitycraft.reinforced_brick":1,"stat.timeSinceDeath":165191,"stat.sprintOneCm":54382,"stat.useItem.minecraft.diamond_shovel":542,"stat.useItem.minecraft.stone_slab2":5067,"stat.pickup.minecraft.iron_ore":1}