{
  "tombstone:tutorial/root": {
    "criteria": {
      "auto": "2024-08-11 06:27:05 +0000"
    },
    "done": true
  },
  "mowziesmobs:root": {
    "criteria": {
      "custom_test_name": "2024-08-11 06:27:06 +0000"
    },
    "done": true
  },
  "minecraft:adventure/adventuring_time": {
    "criteria": {
      "forest": "2024-08-11 06:27:05 +0000",
      "swampland": "2024-08-11 06:29:54 +0000",
      "plains": "2024-08-11 06:27:39 +0000",
      "river": "2024-08-11 06:29:58 +0000"
    },
    "done": false
  }
}