{
    "CompleterNpc": "Josue",
    "NextQuestId": -1,
    "RandomReward": 0b,
    "QuestRepeat": 0,
    "QuestCompletion": 0,
    "IgnoreNBT": 0b,
    "Title": "Bienvenida",
    "Text": "",
    "QuestFactionPoints": {
        "DecreaseFaction1Points": 0b,
        "OptionFaction2Points": 100,
        "OptionFactions1": -1,
        "OptionFactions2": -1,
        "OptionFaction1Points": 100,
        "DecreaseFaction2Points": 0b
    },
    "RewardExp": 0,
    "QuestCommand": "",
    "ModRev": 18,
    "Type": 0,
    "QuestMail": {
        "Sender": "",
        "BeenRead": 0b,
        "Message": {
        },
        "MailItems": [
        ],
        "MailQuest": -1,
        "TimePast": 1723619875195L,
        "Time": 0L,
        "Subject": ""
    },
    "IgnoreDamage": 0b,
    "Rewards": {
        "NpcMiscInv": [
            {
                "Slot": 1b,
                "ForgeCaps": {
                    "customnpcs:itemscripteddata": {
                    }
                },
                "id": "minecraft:torch",
                "Count": 2b,
                "Damage": 0s
            },
            {
                "Slot": 4b,
                "ForgeCaps": {
                    "customnpcs:itemscripteddata": {
                    }
                },
                "id": "minecraft:bread",
                "Count": 20b,
                "Damage": 0s
            }
        ]
    },
    "Items": {
        "NpcMiscInv": [
        ]
    },
    "LeaveItems": 0b,
    "CompleteText": "",
    "NextQuestTitle": ""
}
